{"Camera_Matrix": [[599.5102210931182, 0.0, 328.653463513744], [0.0, 600.2283302367114, 247.70964911582925], [0.0, 0.0, 1.0]], "Dist. Coeff.": [[0.005053700916177597, 1.045963578028611, 0.0012777503603371855, -0.0008786351944240883, -4.33601621990714]]}